{"schemaVersion":"1.0","appDefinitionTemplate":{"id":"/providers/Microsoft.PowerApps/apps/","type":"Microsoft.PowerApps/apps","tags":{"primaryDeviceWidth":"1366","primaryDeviceHeight":"768","supportsPortrait":"true","supportsLandscape":"true","primaryFormFactor":"Tablet","showStatusBar":"false","publisherVersion":"3.24041.23","minimumRequiredApiVersion":"2.2.0","hasComponent":"false","hasUnlockedComponent":"false","isUnifiedRootApp":"false","sienaVersion":"20240412T221553Z-3.24041.23.0"},"properties":{"appVersion":"2024-04-12T22:15:53Z","lifeCycleId":"Published","createdByClientVersion":{"major":3,"minor":24041,"build":23,"revision":0,"majorRevision":0,"minorRevision":0},"minClientVersion":{"major":3,"minor":24041,"build":23,"revision":0,"majorRevision":0,"minorRevision":0},"backgroundColor":"RGBA(0,176,240,1)","backgroundImageUri":"/2679196407901289122/Nd88aa168-9b88-4a8f-a8e9-dec021dc37f2-logoSmallFile","displayName":"Chess Game","description":"","commitMessage":"","appUris":{"documentUri":{"value":"/2679196407901289122/N782abb94-d5f3-49d9-84ca-469347cb80e6-document.msapp"},"imageUris":[],"additionalUris":[{"isSolutionAware":false,"value":"/2679196407901289122/N7782ccca-fd4c-4eed-bb74-dc1adec78b4f-identity.json"}]},"createdTime":"0001-01-01T00:00:00Z","lastModifiedTime":"0001-01-01T00:00:00Z","sharedGroupsCount":0,"sharedUsersCount":0,"connectionReferences":{},"databaseReferences":{},"almMode":"Environment","performanceOptimizationEnabled":true,"canConsumeAppPass":true,"enableModernRuntimeMode":false,"executionRestrictions":{"isTeamsOnly":false,"dataLossPreventionEvaluationResult":{"status":"Compliant","lastEvaluationDate":"2024-04-12T22:15:57.6627659Z","violations":[],"violationsByPolicy":[],"violationErrorMessage":"The app uses the following connectors: ."}}},"appType":"ClassicCanvasApp","appComponents":[]}}